{"0": 54.582305908203125, "1": 54.3343141078949, "2": 53.299880504608154, "3": 52.586124897003174, "4": 46.59649085998535, "5": 44.76990270614624, "6": 43.805655002593994, "7": 42.761924266815186, "8": 41.725820541381836, "9": 40.81159710884094}