{"0": 15, "1": 13.730242013931274, "2": 13.046160697937012, "3": 11.675671339035034, "4": 10, "5": 8.654814004898071, "6": 8.39258337020874, "7": 7, "8": 6.666090250015259, "9": 4.661346673965454}